URL,Title
http://hashcodeprogrammers.com/2017/09/what-is-hyperledger/,What is Hyperledger?
https://www.reddit.com/r/BlockChain/comments/6xmo1t/when_does_it_make_sense_to_build_your_own/,When does it make sense to build your own blockchain vs. building on top of existing stable ones?
http://cryptocoinsjournal.com/2017/09/02/illinois-government-pilots-blockchain-technology-digitize-birth-certificates/,Illinois Government pilots Blockchain technology to digitize birth certificates
http://cryptocoinsjournal.com/2017/09/02/national-internet-finance-association-china-ponder-taking-action-icos/,The National Internet Finance Association of China ponder Taking Action Against ICOs
https://medium.com/@StorifierCo/hawala-vs-bitcoin-vs-ripple-573fbf63f401,"Comparing Hawala, Bitcoin, and Ripple: decentralization from medieval times to modern days."
https://www.cryptocoinsnews.com/revolutionizing-cannabis-industry-blockchain-technology/,Revolutionizing the Cannabis industry with Blockchain technology
https://www.reddit.com/r/BlockChain/comments/6xmu4r/search_for_lead_blockchain_developers/,SEARCH FOR LEAD BLOCKCHAIN DEVELOPERS!
http://climatecoin.io/wp-content/uploads/2017/09/WEF_Realizing_Potential_Blockchain1.pdf,"The World Economic Forum, committed to improving the state of the world, also bets for Blockchain as a New Global Resource. This is the way we do it."
http://etherworld.co/topic/125/sec-shuts-down-protostarr-io-post-ico-investors-will-be-refunded,"SEC shuts down Protostarr.io post-ICO, investors will be refunded"
https://medium.com/@platoworks_/to-blockchain-or-not-to-blockchain-that-is-the-question-32c44c6b81d8,To Blockchain or Not to Blockchain — That is the Question!
https://crusyn.com/2017/08/28/bitcoin-transactions-visual-guide-json/,how bitcoin transactions work under the hood: a visual guide in json
http://utabit.info/voting-blockchain-going-accessible-near-future/,Voting On blockchain is going to be accessible in near future
https://www.reddit.com/r/BlockChain/comments/6xi4ug/btc_not_showing_up/,Btc not showing up
https://blog.codecentric.de/en/2017/09/decentralized-autonomous-organization-blockchain/,What is a Decentralized Autonomous Organization?
https://www.coindesk.com/illinois-launches-blockchain-pilot-digitize-birth-certificates/,Illinois Launches Blockchain Pilot to Digitize Birth Certificates
https://hackernoon.com/blockchains-dont-scale-not-today-at-least-but-there-s-hope-2cb43946551a,"Blockchains don’t scale. Not today, at least. But there’s hope."
https://www.reddit.com/r/BlockChain/comments/6xge16/traditional_cyber_security_blockchain/,Traditional Cyber Security + Blockchain
https://www.reddit.com/r/BlockChain/comments/6xftyj/blockemy_certified_courses_byinvitationonly/,#blockemy #certified #courses #byinvitationonly
https://www.reddit.com/r/BlockChain/comments/6xftbo/the_results_of_the_first_week_of_presale/,The results of the first week of pre-sale
https://coinidol.com/hacken-the-first-decentralized-marketplace-for-white-hat-hackers/,"Hacken, The First Decentralized Marketplace For White Hat Hackers"
https://coinidol.com/srg-announces-token-sale/,SRG is planning to redefine the online gaming industry with a Blockchain based gaming loyalty platform.
https://steemit.com/cct/@golafire/crystal-clear-tokens,Crystal Clear tokens
https://www.cryptocoinsnews.com/shipping-logistics-firm-completes-successful-blockchain-pilot/,Shipping Logistics Firm Completes Successful Blockchain Pilot
https://www.reddit.com/r/BlockChain/comments/6xcgek/what_are_other_examples_of_block_chain_in_the_wild/,What are other examples of block chain in the wild?
https://themarketmogul.com/blockchain-help-emerging-markets/?hvid=3UsRTL,Blockchain: How It Could Bolster Emerging Markets
http://hashcodeprogrammers.com/2017/09/what-is-hyperledger/,What is Hyperledger?
https://www.reddit.com/r/BlockChain/comments/6xmo1t/when_does_it_make_sense_to_build_your_own/,When does it make sense to build your own blockchain vs. building on top of existing stable ones?
http://cryptocoinsjournal.com/2017/09/02/illinois-government-pilots-blockchain-technology-digitize-birth-certificates/,Illinois Government pilots Blockchain technology to digitize birth certificates
http://cryptocoinsjournal.com/2017/09/02/national-internet-finance-association-china-ponder-taking-action-icos/,The National Internet Finance Association of China ponder Taking Action Against ICOs
https://medium.com/@StorifierCo/hawala-vs-bitcoin-vs-ripple-573fbf63f401,"Comparing Hawala, Bitcoin, and Ripple: decentralization from medieval times to modern days."
https://www.cryptocoinsnews.com/revolutionizing-cannabis-industry-blockchain-technology/,Revolutionizing the Cannabis industry with Blockchain technology
https://www.reddit.com/r/BlockChain/comments/6xmu4r/search_for_lead_blockchain_developers/,SEARCH FOR LEAD BLOCKCHAIN DEVELOPERS!
http://climatecoin.io/wp-content/uploads/2017/09/WEF_Realizing_Potential_Blockchain1.pdf,"The World Economic Forum, committed to improving the state of the world, also bets for Blockchain as a New Global Resource. This is the way we do it."
http://etherworld.co/topic/125/sec-shuts-down-protostarr-io-post-ico-investors-will-be-refunded,"SEC shuts down Protostarr.io post-ICO, investors will be refunded"
https://medium.com/@platoworks_/to-blockchain-or-not-to-blockchain-that-is-the-question-32c44c6b81d8,To Blockchain or Not to Blockchain — That is the Question!
https://crusyn.com/2017/08/28/bitcoin-transactions-visual-guide-json/,how bitcoin transactions work under the hood: a visual guide in json
http://utabit.info/voting-blockchain-going-accessible-near-future/,Voting On blockchain is going to be accessible in near future
https://www.reddit.com/r/BlockChain/comments/6xi4ug/btc_not_showing_up/,Btc not showing up
https://blog.codecentric.de/en/2017/09/decentralized-autonomous-organization-blockchain/,What is a Decentralized Autonomous Organization?
https://www.coindesk.com/illinois-launches-blockchain-pilot-digitize-birth-certificates/,Illinois Launches Blockchain Pilot to Digitize Birth Certificates
https://hackernoon.com/blockchains-dont-scale-not-today-at-least-but-there-s-hope-2cb43946551a,"Blockchains don’t scale. Not today, at least. But there’s hope."
https://www.reddit.com/r/BlockChain/comments/6xge16/traditional_cyber_security_blockchain/,Traditional Cyber Security + Blockchain
https://www.reddit.com/r/BlockChain/comments/6xftyj/blockemy_certified_courses_byinvitationonly/,#blockemy #certified #courses #byinvitationonly
https://www.reddit.com/r/BlockChain/comments/6xftbo/the_results_of_the_first_week_of_presale/,The results of the first week of pre-sale
https://coinidol.com/hacken-the-first-decentralized-marketplace-for-white-hat-hackers/,"Hacken, The First Decentralized Marketplace For White Hat Hackers"
https://coinidol.com/srg-announces-token-sale/,SRG is planning to redefine the online gaming industry with a Blockchain based gaming loyalty platform.
https://steemit.com/cct/@golafire/crystal-clear-tokens,Crystal Clear tokens
https://www.cryptocoinsnews.com/shipping-logistics-firm-completes-successful-blockchain-pilot/,Shipping Logistics Firm Completes Successful Blockchain Pilot
https://www.reddit.com/r/BlockChain/comments/6xcgek/what_are_other_examples_of_block_chain_in_the_wild/,What are other examples of block chain in the wild?
https://themarketmogul.com/blockchain-help-emerging-markets/?hvid=3UsRTL,Blockchain: How It Could Bolster Emerging Markets
URL,Title
http://hashcodeprogrammers.com/2017/09/what-is-hyperledger/,What is Hyperledger?
https://www.reddit.com/r/BlockChain/comments/6xmo1t/when_does_it_make_sense_to_build_your_own/,When does it make sense to build your own blockchain vs. building on top of existing stable ones?
http://cryptocoinsjournal.com/2017/09/02/illinois-government-pilots-blockchain-technology-digitize-birth-certificates/,Illinois Government pilots Blockchain technology to digitize birth certificates
http://cryptocoinsjournal.com/2017/09/02/national-internet-finance-association-china-ponder-taking-action-icos/,The National Internet Finance Association of China ponder Taking Action Against ICOs
https://medium.com/@StorifierCo/hawala-vs-bitcoin-vs-ripple-573fbf63f401,"Comparing Hawala, Bitcoin, and Ripple: decentralization from medieval times to modern days."
https://www.cryptocoinsnews.com/revolutionizing-cannabis-industry-blockchain-technology/,Revolutionizing the Cannabis industry with Blockchain technology
https://www.reddit.com/r/BlockChain/comments/6xmu4r/search_for_lead_blockchain_developers/,SEARCH FOR LEAD BLOCKCHAIN DEVELOPERS!
http://climatecoin.io/wp-content/uploads/2017/09/WEF_Realizing_Potential_Blockchain1.pdf,"The World Economic Forum, committed to improving the state of the world, also bets for Blockchain as a New Global Resource. This is the way we do it."
http://etherworld.co/topic/125/sec-shuts-down-protostarr-io-post-ico-investors-will-be-refunded,"SEC shuts down Protostarr.io post-ICO, investors will be refunded"
https://medium.com/@platoworks_/to-blockchain-or-not-to-blockchain-that-is-the-question-32c44c6b81d8,To Blockchain or Not to Blockchain — That is the Question!
https://crusyn.com/2017/08/28/bitcoin-transactions-visual-guide-json/,how bitcoin transactions work under the hood: a visual guide in json
http://utabit.info/voting-blockchain-going-accessible-near-future/,Voting On blockchain is going to be accessible in near future
https://www.reddit.com/r/BlockChain/comments/6xi4ug/btc_not_showing_up/,Btc not showing up
https://blog.codecentric.de/en/2017/09/decentralized-autonomous-organization-blockchain/,What is a Decentralized Autonomous Organization?
https://www.coindesk.com/illinois-launches-blockchain-pilot-digitize-birth-certificates/,Illinois Launches Blockchain Pilot to Digitize Birth Certificates
https://hackernoon.com/blockchains-dont-scale-not-today-at-least-but-there-s-hope-2cb43946551a,"Blockchains don’t scale. Not today, at least. But there’s hope."
https://www.reddit.com/r/BlockChain/comments/6xge16/traditional_cyber_security_blockchain/,Traditional Cyber Security + Blockchain
https://www.reddit.com/r/BlockChain/comments/6xftyj/blockemy_certified_courses_byinvitationonly/,#blockemy #certified #courses #byinvitationonly
https://www.reddit.com/r/BlockChain/comments/6xftbo/the_results_of_the_first_week_of_presale/,The results of the first week of pre-sale
https://coinidol.com/hacken-the-first-decentralized-marketplace-for-white-hat-hackers/,"Hacken, The First Decentralized Marketplace For White Hat Hackers"
https://coinidol.com/srg-announces-token-sale/,SRG is planning to redefine the online gaming industry with a Blockchain based gaming loyalty platform.
https://steemit.com/cct/@golafire/crystal-clear-tokens,Crystal Clear tokens
https://www.cryptocoinsnews.com/shipping-logistics-firm-completes-successful-blockchain-pilot/,Shipping Logistics Firm Completes Successful Blockchain Pilot
https://www.reddit.com/r/BlockChain/comments/6xcgek/what_are_other_examples_of_block_chain_in_the_wild/,What are other examples of block chain in the wild?
https://themarketmogul.com/blockchain-help-emerging-markets/?hvid=3UsRTL,Blockchain: How It Could Bolster Emerging Markets
http://hashcodeprogrammers.com/2017/09/what-is-hyperledger/,What is Hyperledger?
https://www.reddit.com/r/BlockChain/comments/6xmo1t/when_does_it_make_sense_to_build_your_own/,When does it make sense to build your own blockchain vs. building on top of existing stable ones?
http://cryptocoinsjournal.com/2017/09/02/illinois-government-pilots-blockchain-technology-digitize-birth-certificates/,Illinois Government pilots Blockchain technology to digitize birth certificates
http://cryptocoinsjournal.com/2017/09/02/national-internet-finance-association-china-ponder-taking-action-icos/,The National Internet Finance Association of China ponder Taking Action Against ICOs
https://medium.com/@StorifierCo/hawala-vs-bitcoin-vs-ripple-573fbf63f401,"Comparing Hawala, Bitcoin, and Ripple: decentralization from medieval times to modern days."
https://www.cryptocoinsnews.com/revolutionizing-cannabis-industry-blockchain-technology/,Revolutionizing the Cannabis industry with Blockchain technology
https://www.reddit.com/r/BlockChain/comments/6xmu4r/search_for_lead_blockchain_developers/,SEARCH FOR LEAD BLOCKCHAIN DEVELOPERS!
http://climatecoin.io/wp-content/uploads/2017/09/WEF_Realizing_Potential_Blockchain1.pdf,"The World Economic Forum, committed to improving the state of the world, also bets for Blockchain as a New Global Resource. This is the way we do it."
http://etherworld.co/topic/125/sec-shuts-down-protostarr-io-post-ico-investors-will-be-refunded,"SEC shuts down Protostarr.io post-ICO, investors will be refunded"
https://medium.com/@platoworks_/to-blockchain-or-not-to-blockchain-that-is-the-question-32c44c6b81d8,To Blockchain or Not to Blockchain — That is the Question!
https://crusyn.com/2017/08/28/bitcoin-transactions-visual-guide-json/,how bitcoin transactions work under the hood: a visual guide in json
http://utabit.info/voting-blockchain-going-accessible-near-future/,Voting On blockchain is going to be accessible in near future
https://www.reddit.com/r/BlockChain/comments/6xi4ug/btc_not_showing_up/,Btc not showing up
https://blog.codecentric.de/en/2017/09/decentralized-autonomous-organization-blockchain/,What is a Decentralized Autonomous Organization?
https://www.coindesk.com/illinois-launches-blockchain-pilot-digitize-birth-certificates/,Illinois Launches Blockchain Pilot to Digitize Birth Certificates
https://hackernoon.com/blockchains-dont-scale-not-today-at-least-but-there-s-hope-2cb43946551a,"Blockchains don’t scale. Not today, at least. But there’s hope."
https://www.reddit.com/r/BlockChain/comments/6xge16/traditional_cyber_security_blockchain/,Traditional Cyber Security + Blockchain
https://www.reddit.com/r/BlockChain/comments/6xftyj/blockemy_certified_courses_byinvitationonly/,#blockemy #certified #courses #byinvitationonly
https://www.reddit.com/r/BlockChain/comments/6xftbo/the_results_of_the_first_week_of_presale/,The results of the first week of pre-sale
https://coinidol.com/hacken-the-first-decentralized-marketplace-for-white-hat-hackers/,"Hacken, The First Decentralized Marketplace For White Hat Hackers"
https://coinidol.com/srg-announces-token-sale/,SRG is planning to redefine the online gaming industry with a Blockchain based gaming loyalty platform.
https://steemit.com/cct/@golafire/crystal-clear-tokens,Crystal Clear tokens
https://www.cryptocoinsnews.com/shipping-logistics-firm-completes-successful-blockchain-pilot/,Shipping Logistics Firm Completes Successful Blockchain Pilot
https://www.reddit.com/r/BlockChain/comments/6xcgek/what_are_other_examples_of_block_chain_in_the_wild/,What are other examples of block chain in the wild?
https://themarketmogul.com/blockchain-help-emerging-markets/?hvid=3UsRTL,Blockchain: How It Could Bolster Emerging Markets
URL,Title
http://hashcodeprogrammers.com/2017/09/what-is-hyperledger/,What is Hyperledger?
https://www.reddit.com/r/BlockChain/comments/6xmo1t/when_does_it_make_sense_to_build_your_own/,When does it make sense to build your own blockchain vs. building on top of existing stable ones?
http://cryptocoinsjournal.com/2017/09/02/illinois-government-pilots-blockchain-technology-digitize-birth-certificates/,Illinois Government pilots Blockchain technology to digitize birth certificates
http://cryptocoinsjournal.com/2017/09/02/national-internet-finance-association-china-ponder-taking-action-icos/,The National Internet Finance Association of China ponder Taking Action Against ICOs
https://medium.com/@StorifierCo/hawala-vs-bitcoin-vs-ripple-573fbf63f401,"Comparing Hawala, Bitcoin, and Ripple: decentralization from medieval times to modern days."
https://www.cryptocoinsnews.com/revolutionizing-cannabis-industry-blockchain-technology/,Revolutionizing the Cannabis industry with Blockchain technology
https://www.reddit.com/r/BlockChain/comments/6xmu4r/search_for_lead_blockchain_developers/,SEARCH FOR LEAD BLOCKCHAIN DEVELOPERS!
http://climatecoin.io/wp-content/uploads/2017/09/WEF_Realizing_Potential_Blockchain1.pdf,"The World Economic Forum, committed to improving the state of the world, also bets for Blockchain as a New Global Resource. This is the way we do it."
http://etherworld.co/topic/125/sec-shuts-down-protostarr-io-post-ico-investors-will-be-refunded,"SEC shuts down Protostarr.io post-ICO, investors will be refunded"
https://medium.com/@platoworks_/to-blockchain-or-not-to-blockchain-that-is-the-question-32c44c6b81d8,To Blockchain or Not to Blockchain — That is the Question!
https://crusyn.com/2017/08/28/bitcoin-transactions-visual-guide-json/,how bitcoin transactions work under the hood: a visual guide in json
http://utabit.info/voting-blockchain-going-accessible-near-future/,Voting On blockchain is going to be accessible in near future
https://www.reddit.com/r/BlockChain/comments/6xi4ug/btc_not_showing_up/,Btc not showing up
https://blog.codecentric.de/en/2017/09/decentralized-autonomous-organization-blockchain/,What is a Decentralized Autonomous Organization?
https://www.coindesk.com/illinois-launches-blockchain-pilot-digitize-birth-certificates/,Illinois Launches Blockchain Pilot to Digitize Birth Certificates
https://hackernoon.com/blockchains-dont-scale-not-today-at-least-but-there-s-hope-2cb43946551a,"Blockchains don’t scale. Not today, at least. But there’s hope."
https://www.reddit.com/r/BlockChain/comments/6xge16/traditional_cyber_security_blockchain/,Traditional Cyber Security + Blockchain
https://www.reddit.com/r/BlockChain/comments/6xftyj/blockemy_certified_courses_byinvitationonly/,#blockemy #certified #courses #byinvitationonly
https://www.reddit.com/r/BlockChain/comments/6xftbo/the_results_of_the_first_week_of_presale/,The results of the first week of pre-sale
https://coinidol.com/hacken-the-first-decentralized-marketplace-for-white-hat-hackers/,"Hacken, The First Decentralized Marketplace For White Hat Hackers"
https://coinidol.com/srg-announces-token-sale/,SRG is planning to redefine the online gaming industry with a Blockchain based gaming loyalty platform.
https://steemit.com/cct/@golafire/crystal-clear-tokens,Crystal Clear tokens
https://www.cryptocoinsnews.com/shipping-logistics-firm-completes-successful-blockchain-pilot/,Shipping Logistics Firm Completes Successful Blockchain Pilot
https://www.reddit.com/r/BlockChain/comments/6xcgek/what_are_other_examples_of_block_chain_in_the_wild/,What are other examples of block chain in the wild?
https://themarketmogul.com/blockchain-help-emerging-markets/?hvid=3UsRTL,Blockchain: How It Could Bolster Emerging Markets
http://hashcodeprogrammers.com/2017/09/what-is-hyperledger/,What is Hyperledger?
https://www.reddit.com/r/BlockChain/comments/6xmo1t/when_does_it_make_sense_to_build_your_own/,When does it make sense to build your own blockchain vs. building on top of existing stable ones?
http://cryptocoinsjournal.com/2017/09/02/illinois-government-pilots-blockchain-technology-digitize-birth-certificates/,Illinois Government pilots Blockchain technology to digitize birth certificates
http://cryptocoinsjournal.com/2017/09/02/national-internet-finance-association-china-ponder-taking-action-icos/,The National Internet Finance Association of China ponder Taking Action Against ICOs
https://medium.com/@StorifierCo/hawala-vs-bitcoin-vs-ripple-573fbf63f401,"Comparing Hawala, Bitcoin, and Ripple: decentralization from medieval times to modern days."
https://www.cryptocoinsnews.com/revolutionizing-cannabis-industry-blockchain-technology/,Revolutionizing the Cannabis industry with Blockchain technology
https://www.reddit.com/r/BlockChain/comments/6xmu4r/search_for_lead_blockchain_developers/,SEARCH FOR LEAD BLOCKCHAIN DEVELOPERS!
http://climatecoin.io/wp-content/uploads/2017/09/WEF_Realizing_Potential_Blockchain1.pdf,"The World Economic Forum, committed to improving the state of the world, also bets for Blockchain as a New Global Resource. This is the way we do it."
http://etherworld.co/topic/125/sec-shuts-down-protostarr-io-post-ico-investors-will-be-refunded,"SEC shuts down Protostarr.io post-ICO, investors will be refunded"
https://medium.com/@platoworks_/to-blockchain-or-not-to-blockchain-that-is-the-question-32c44c6b81d8,To Blockchain or Not to Blockchain — That is the Question!
https://crusyn.com/2017/08/28/bitcoin-transactions-visual-guide-json/,how bitcoin transactions work under the hood: a visual guide in json
http://utabit.info/voting-blockchain-going-accessible-near-future/,Voting On blockchain is going to be accessible in near future
https://www.reddit.com/r/BlockChain/comments/6xi4ug/btc_not_showing_up/,Btc not showing up
https://blog.codecentric.de/en/2017/09/decentralized-autonomous-organization-blockchain/,What is a Decentralized Autonomous Organization?
https://www.coindesk.com/illinois-launches-blockchain-pilot-digitize-birth-certificates/,Illinois Launches Blockchain Pilot to Digitize Birth Certificates
https://hackernoon.com/blockchains-dont-scale-not-today-at-least-but-there-s-hope-2cb43946551a,"Blockchains don’t scale. Not today, at least. But there’s hope."
https://www.reddit.com/r/BlockChain/comments/6xge16/traditional_cyber_security_blockchain/,Traditional Cyber Security + Blockchain
https://www.reddit.com/r/BlockChain/comments/6xftyj/blockemy_certified_courses_byinvitationonly/,#blockemy #certified #courses #byinvitationonly
https://www.reddit.com/r/BlockChain/comments/6xftbo/the_results_of_the_first_week_of_presale/,The results of the first week of pre-sale
https://coinidol.com/hacken-the-first-decentralized-marketplace-for-white-hat-hackers/,"Hacken, The First Decentralized Marketplace For White Hat Hackers"
https://coinidol.com/srg-announces-token-sale/,SRG is planning to redefine the online gaming industry with a Blockchain based gaming loyalty platform.
https://steemit.com/cct/@golafire/crystal-clear-tokens,Crystal Clear tokens
https://www.cryptocoinsnews.com/shipping-logistics-firm-completes-successful-blockchain-pilot/,Shipping Logistics Firm Completes Successful Blockchain Pilot
https://www.reddit.com/r/BlockChain/comments/6xcgek/what_are_other_examples_of_block_chain_in_the_wild/,What are other examples of block chain in the wild?
https://themarketmogul.com/blockchain-help-emerging-markets/?hvid=3UsRTL,Blockchain: How It Could Bolster Emerging Markets
URL,Title
http://hashcodeprogrammers.com/2017/09/what-is-hyperledger/,What is Hyperledger?
https://www.reddit.com/r/BlockChain/comments/6xmo1t/when_does_it_make_sense_to_build_your_own/,When does it make sense to build your own blockchain vs. building on top of existing stable ones?
http://cryptocoinsjournal.com/2017/09/02/illinois-government-pilots-blockchain-technology-digitize-birth-certificates/,Illinois Government pilots Blockchain technology to digitize birth certificates
http://cryptocoinsjournal.com/2017/09/02/national-internet-finance-association-china-ponder-taking-action-icos/,The National Internet Finance Association of China ponder Taking Action Against ICOs
https://medium.com/@StorifierCo/hawala-vs-bitcoin-vs-ripple-573fbf63f401,"Comparing Hawala, Bitcoin, and Ripple: decentralization from medieval times to modern days."
https://www.cryptocoinsnews.com/revolutionizing-cannabis-industry-blockchain-technology/,Revolutionizing the Cannabis industry with Blockchain technology
https://www.reddit.com/r/BlockChain/comments/6xmu4r/search_for_lead_blockchain_developers/,SEARCH FOR LEAD BLOCKCHAIN DEVELOPERS!
http://climatecoin.io/wp-content/uploads/2017/09/WEF_Realizing_Potential_Blockchain1.pdf,"The World Economic Forum, committed to improving the state of the world, also bets for Blockchain as a New Global Resource. This is the way we do it."
http://etherworld.co/topic/125/sec-shuts-down-protostarr-io-post-ico-investors-will-be-refunded,"SEC shuts down Protostarr.io post-ICO, investors will be refunded"
https://medium.com/@platoworks_/to-blockchain-or-not-to-blockchain-that-is-the-question-32c44c6b81d8,To Blockchain or Not to Blockchain — That is the Question!
https://crusyn.com/2017/08/28/bitcoin-transactions-visual-guide-json/,how bitcoin transactions work under the hood: a visual guide in json
http://utabit.info/voting-blockchain-going-accessible-near-future/,Voting On blockchain is going to be accessible in near future
https://www.reddit.com/r/BlockChain/comments/6xi4ug/btc_not_showing_up/,Btc not showing up
https://blog.codecentric.de/en/2017/09/decentralized-autonomous-organization-blockchain/,What is a Decentralized Autonomous Organization?
https://www.coindesk.com/illinois-launches-blockchain-pilot-digitize-birth-certificates/,Illinois Launches Blockchain Pilot to Digitize Birth Certificates
https://hackernoon.com/blockchains-dont-scale-not-today-at-least-but-there-s-hope-2cb43946551a,"Blockchains don’t scale. Not today, at least. But there’s hope."
https://www.reddit.com/r/BlockChain/comments/6xge16/traditional_cyber_security_blockchain/,Traditional Cyber Security + Blockchain
https://www.reddit.com/r/BlockChain/comments/6xftyj/blockemy_certified_courses_byinvitationonly/,#blockemy #certified #courses #byinvitationonly
https://www.reddit.com/r/BlockChain/comments/6xftbo/the_results_of_the_first_week_of_presale/,The results of the first week of pre-sale
https://coinidol.com/hacken-the-first-decentralized-marketplace-for-white-hat-hackers/,"Hacken, The First Decentralized Marketplace For White Hat Hackers"
https://coinidol.com/srg-announces-token-sale/,SRG is planning to redefine the online gaming industry with a Blockchain based gaming loyalty platform.
https://steemit.com/cct/@golafire/crystal-clear-tokens,Crystal Clear tokens
https://www.cryptocoinsnews.com/shipping-logistics-firm-completes-successful-blockchain-pilot/,Shipping Logistics Firm Completes Successful Blockchain Pilot
https://www.reddit.com/r/BlockChain/comments/6xcgek/what_are_other_examples_of_block_chain_in_the_wild/,What are other examples of block chain in the wild?
https://themarketmogul.com/blockchain-help-emerging-markets/?hvid=3UsRTL,Blockchain: How It Could Bolster Emerging Markets
http://hashcodeprogrammers.com/2017/09/what-is-hyperledger/,What is Hyperledger?
https://www.reddit.com/r/BlockChain/comments/6xmo1t/when_does_it_make_sense_to_build_your_own/,When does it make sense to build your own blockchain vs. building on top of existing stable ones?
http://cryptocoinsjournal.com/2017/09/02/illinois-government-pilots-blockchain-technology-digitize-birth-certificates/,Illinois Government pilots Blockchain technology to digitize birth certificates
http://cryptocoinsjournal.com/2017/09/02/national-internet-finance-association-china-ponder-taking-action-icos/,The National Internet Finance Association of China ponder Taking Action Against ICOs
https://medium.com/@StorifierCo/hawala-vs-bitcoin-vs-ripple-573fbf63f401,"Comparing Hawala, Bitcoin, and Ripple: decentralization from medieval times to modern days."
https://www.cryptocoinsnews.com/revolutionizing-cannabis-industry-blockchain-technology/,Revolutionizing the Cannabis industry with Blockchain technology
https://www.reddit.com/r/BlockChain/comments/6xmu4r/search_for_lead_blockchain_developers/,SEARCH FOR LEAD BLOCKCHAIN DEVELOPERS!
http://climatecoin.io/wp-content/uploads/2017/09/WEF_Realizing_Potential_Blockchain1.pdf,"The World Economic Forum, committed to improving the state of the world, also bets for Blockchain as a New Global Resource. This is the way we do it."
http://etherworld.co/topic/125/sec-shuts-down-protostarr-io-post-ico-investors-will-be-refunded,"SEC shuts down Protostarr.io post-ICO, investors will be refunded"
https://medium.com/@platoworks_/to-blockchain-or-not-to-blockchain-that-is-the-question-32c44c6b81d8,To Blockchain or Not to Blockchain — That is the Question!
https://crusyn.com/2017/08/28/bitcoin-transactions-visual-guide-json/,how bitcoin transactions work under the hood: a visual guide in json
http://utabit.info/voting-blockchain-going-accessible-near-future/,Voting On blockchain is going to be accessible in near future
https://www.reddit.com/r/BlockChain/comments/6xi4ug/btc_not_showing_up/,Btc not showing up
https://blog.codecentric.de/en/2017/09/decentralized-autonomous-organization-blockchain/,What is a Decentralized Autonomous Organization?
https://www.coindesk.com/illinois-launches-blockchain-pilot-digitize-birth-certificates/,Illinois Launches Blockchain Pilot to Digitize Birth Certificates
https://hackernoon.com/blockchains-dont-scale-not-today-at-least-but-there-s-hope-2cb43946551a,"Blockchains don’t scale. Not today, at least. But there’s hope."
https://www.reddit.com/r/BlockChain/comments/6xge16/traditional_cyber_security_blockchain/,Traditional Cyber Security + Blockchain
https://www.reddit.com/r/BlockChain/comments/6xftyj/blockemy_certified_courses_byinvitationonly/,#blockemy #certified #courses #byinvitationonly
https://www.reddit.com/r/BlockChain/comments/6xftbo/the_results_of_the_first_week_of_presale/,The results of the first week of pre-sale
https://coinidol.com/hacken-the-first-decentralized-marketplace-for-white-hat-hackers/,"Hacken, The First Decentralized Marketplace For White Hat Hackers"
https://coinidol.com/srg-announces-token-sale/,SRG is planning to redefine the online gaming industry with a Blockchain based gaming loyalty platform.
https://steemit.com/cct/@golafire/crystal-clear-tokens,Crystal Clear tokens
https://www.cryptocoinsnews.com/shipping-logistics-firm-completes-successful-blockchain-pilot/,Shipping Logistics Firm Completes Successful Blockchain Pilot
https://www.reddit.com/r/BlockChain/comments/6xcgek/what_are_other_examples_of_block_chain_in_the_wild/,What are other examples of block chain in the wild?
https://themarketmogul.com/blockchain-help-emerging-markets/?hvid=3UsRTL,Blockchain: How It Could Bolster Emerging Markets
